{"number_of_model_unknowns": {"intervention_mean": 98, "intervention_standard_deviation": 106, "intervention_group_size": 102, "comparator_mean": 139, "comparator_standard_deviation": 143, "comparator_group_size": 140, "total": 728}, "number_of_reference_unknowns": {"intervention_mean": 178, "intervention_standard_deviation": 211, "intervention_group_size": 40, "comparator_mean": 178, "comparator_standard_deviation": 212, "comparator_group_size": 40, "total": 859}, "exact_match_accuracy": {"intervention_mean": 0.31752577319587627, "intervention_standard_deviation": 0.41649484536082476, "intervention_group_size": 0.5278350515463918, "comparator_mean": 0.31752577319587627, "comparator_standard_deviation": 0.41030927835051545, "comparator_group_size": 0.4824742268041237, "total": 0.10309278350515463}, "partial_match_accuracy": {"partial_match_accuracy_1": 0.7835051546391752, "partial_match_accuracy_2": 0.6824742268041237, "partial_match_accuracy_3": 0.41237113402061853, "partial_match_accuracy_4": 0.3525773195876289, "partial_match_accuracy_5": 0.13814432989690723}, "percentage_of_computable_instances": 0.4432234432234432, "point_estimates": {"standardized_mean_difference": {"mean_absolute_error": 0.9844023865831613, "standard_error_of_mae": 0.17099701770983258, "95_confidence_interval_of_mae": [0.6492482318718894, 1.3195565412944332]}}, "num_of_chunked_instances": 80}