{
    "number_of_model_unknowns": {
        "intervention_mean": 82,
        "intervention_standard_deviation": 81,
        "intervention_group_size": 59,
        "comparator_mean": 90,
        "comparator_standard_deviation": 89,
        "comparator_group_size": 71,
        "total": 472
    },
    "number_of_reference_unknowns": {
        "intervention_mean": 178,
        "intervention_standard_deviation": 211,
        "intervention_group_size": 40,
        "comparator_mean": 178,
        "comparator_standard_deviation": 212,
        "comparator_group_size": 40,
        "total": 859
    },
    "exact_match_accuracy": {
        "intervention_mean": 0.7257731958762886,
        "intervention_standard_deviation": 0.7237113402061855,
        "intervention_group_size": 0.777319587628866,
        "comparator_mean": 0.7051546391752578,
        "comparator_standard_deviation": 0.7134020618556701,
        "comparator_group_size": 0.7298969072164948,
        "total": 0.4948453608247423
    },
    "partial_match_accuracy": {
        "partial_match_accuracy_1": 0.9402061855670103,
        "partial_match_accuracy_2": 0.9195876288659793,
        "partial_match_accuracy_3": 0.7546391752577319,
        "partial_match_accuracy_4": 0.7257731958762886,
        "partial_match_accuracy_5": 0.5402061855670103
    },
    "percentage_of_computable_instances": 0.6556776556776557,
    "point_estimates": {
        "standardized_mean_difference": {
            "mean_absolute_error": 0.6049938468014985,
            "standard_error_of_mae": 0.37230710170475184,
            "95_confidence_interval_of_mae": [
                -0.1247280725398151,
                1.334715766142812
            ]
        }
    },
    "num_of_chunked_instances": 0
}