{"number_of_model_unknowns": {"intervention_mean": 102, "intervention_standard_deviation": 88, "intervention_group_size": 146, "comparator_mean": 116, "comparator_standard_deviation": 111, "comparator_group_size": 171, "total": 734}, "number_of_reference_unknowns": {"intervention_mean": 178, "intervention_standard_deviation": 211, "intervention_group_size": 40, "comparator_mean": 178, "comparator_standard_deviation": 212, "comparator_group_size": 40, "total": 859}, "exact_match_accuracy": {"intervention_mean": 0.3319587628865979, "intervention_standard_deviation": 0.35670103092783506, "intervention_group_size": 0.5298969072164949, "comparator_mean": 0.3319587628865979, "comparator_standard_deviation": 0.3216494845360825, "comparator_group_size": 0.44948453608247424, "total": 0.08041237113402062}, "partial_match_accuracy": {"partial_match_accuracy_1": 0.8041237113402062, "partial_match_accuracy_2": 0.6762886597938145, "partial_match_accuracy_3": 0.3711340206185567, "partial_match_accuracy_4": 0.27835051546391754, "partial_match_accuracy_5": 0.11134020618556702}, "percentage_of_computable_instances": 0.4358974358974359, "point_estimates": {"standardized_mean_difference": {"mean_absolute_error": 0.6800274763383379, "standard_error_of_mae": 0.15326509872818683, "95_confidence_interval_of_mae": [0.3796278828310917, 0.9804270698455841]}}, "num_of_chunked_instances": 111}