{"number_of_model_unknowns": {"intervention_mean": 279, "intervention_standard_deviation": 234, "intervention_group_size": 384, "comparator_mean": 275, "comparator_standard_deviation": 240, "comparator_group_size": 395, "total": 1807}, "number_of_reference_unknowns": {"intervention_mean": 178, "intervention_standard_deviation": 211, "intervention_group_size": 40, "comparator_mean": 178, "comparator_standard_deviation": 212, "comparator_group_size": 40, "total": 859}, "exact_match_accuracy": {"intervention_mean": 0.35670103092783506, "intervention_standard_deviation": 0.4144329896907217, "intervention_group_size": 0.09484536082474226, "comparator_mean": 0.35670103092783506, "comparator_standard_deviation": 0.42061855670103093, "comparator_group_size": 0.09690721649484536, "total": 0.049484536082474224}, "partial_match_accuracy": {"partial_match_accuracy_1": 0.47010309278350515, "partial_match_accuracy_2": 0.4515463917525773, "partial_match_accuracy_3": 0.3649484536082474, "partial_match_accuracy_4": 0.34845360824742266, "partial_match_accuracy_5": 0.05567010309278351}, "percentage_of_computable_instances": 0.0695970695970696, "point_estimates": {"standardized_mean_difference": {"mean_absolute_error": 2.2904258257181778, "standard_error_of_mae": 1.2044062899187629, "95_confidence_interval_of_mae": [-0.0702105025225972, 4.651062153958953]}}, "num_of_chunked_instances": 430}