{"number_of_model_unknowns": {"intervention_events": 40, "intervention_group_size": 20, "comparator_events": 43, "comparator_group_size": 23, "total": 126}, "number_of_reference_unknowns": {"intervention_events": 25, "intervention_group_size": 3, "comparator_events": 25, "comparator_group_size": 3, "total": 56}, "exact_match_accuracy": {"intervention_events": 0.26900584795321636, "intervention_group_size": 0.5029239766081871, "comparator_events": 0.3216374269005848, "comparator_group_size": 0.5672514619883041, "total": 0.14619883040935672}, "partial_match_accuracy": {"partial_match_accuracy_1": 0.6842105263157895, "partial_match_accuracy_2": 0.5964912280701754, "partial_match_accuracy_3": 0.23391812865497075}, "percentage_of_computable_instances": 0.4496124031007752, "point_estimates": {"log_odds_ratio": {"mean_absolute_error": 0.910475079525324, "standard_error_of_mae": 0.22968869285329274, "95_confidence_interval_of_mae": [0.46028524153287026, 1.3606649175177778]}}, "num_of_chunked_instances": 35}