{
    "number_of_model_unknowns": {
        "intervention_events": 37,
        "intervention_group_size": 23,
        "comparator_events": 38,
        "comparator_group_size": 27,
        "total": 125
    },
    "number_of_reference_unknowns": {
        "intervention_events": 25,
        "intervention_group_size": 3,
        "comparator_events": 25,
        "comparator_group_size": 3,
        "total": 56
    },
    "exact_match_accuracy": {
        "intervention_events": 0.47953216374269003,
        "intervention_group_size": 0.5906432748538012,
        "comparator_events": 0.4269005847953216,
        "comparator_group_size": 0.6432748538011696,
        "total": 0.30994152046783624
    },
    "partial_match_accuracy": {
        "partial_match_accuracy_1": 0.7368421052631579,
        "partial_match_accuracy_2": 0.6783625730994152,
        "partial_match_accuracy_3": 0.4152046783625731
    },
    "percentage_of_computable_instances": 0.7054263565891473,
    "point_estimates": {
        "log_odds_ratio": {
            "mean_absolute_error": 0.3724012301578683,
            "standard_error_of_mae": 0.08544077022705,
            "95_confidence_interval_of_mae": [
                0.2049373205128503,
                0.5398651398028863
            ]
        }
    },
    "num_of_chunked_instances": 1
}