{"number_of_model_unknowns": {"intervention_events": 37, "intervention_group_size": 23, "comparator_events": 38, "comparator_group_size": 27, "total": 125}, "number_of_reference_unknowns": {"intervention_events": 25, "intervention_group_size": 3, "comparator_events": 25, "comparator_group_size": 3, "total": 56}, "exact_match_accuracy": {"intervention_events": 0.47953216374269003, "intervention_group_size": 0.5964912280701754, "comparator_events": 0.4327485380116959, "comparator_group_size": 0.6491228070175439, "total": 0.3157894736842105}, "partial_match_accuracy": {"partial_match_accuracy_1": 0.7368421052631579, "partial_match_accuracy_2": 0.6842105263157895, "partial_match_accuracy_3": 0.42105263157894735}, "percentage_of_computable_instances": 0.7054263565891473, "point_estimates": {"log_odds_ratio": {"mean_absolute_error": 0.36356298317651103, "standard_error_of_mae": 0.084938352303638, "95_confidence_interval_of_mae": [0.19708381266138056, 0.5300421536916415]}}, "num_of_chunked_instances": 1}