{"number_of_model_unknowns": {"intervention_events": 19, "intervention_group_size": 6, "comparator_events": 21, "comparator_group_size": 8, "total": 54}, "number_of_reference_unknowns": {"intervention_events": 25, "intervention_group_size": 3, "comparator_events": 25, "comparator_group_size": 3, "total": 56}, "exact_match_accuracy": {"intervention_events": 0.7602339181286549, "intervention_group_size": 0.8771929824561403, "comparator_events": 0.7543859649122807, "comparator_group_size": 0.8888888888888888, "total": 0.672514619883041}, "partial_match_accuracy": {"partial_match_accuracy_1": 0.9473684210526315, "partial_match_accuracy_2": 0.935672514619883, "partial_match_accuracy_3": 0.7251461988304093}, "percentage_of_computable_instances": 0.8217054263565892, "point_estimates": {"log_odds_ratio": {"mean_absolute_error": 0.08090582166598204, "standard_error_of_mae": 0.04241070951419823, "95_confidence_interval_of_mae": [-0.0022191689818465005, 0.16403081231381056]}}, "num_of_chunked_instances": 0}