{
    "number_of_model_unknowns": {
        "intervention_events": 19,
        "intervention_group_size": 6,
        "comparator_events": 21,
        "comparator_group_size": 8,
        "total": 54
    },
    "number_of_reference_unknowns": {
        "intervention_events": 25,
        "intervention_group_size": 3,
        "comparator_events": 25,
        "comparator_group_size": 3,
        "total": 56
    },
    "exact_match_accuracy": {
        "intervention_events": 0.7602339181286549,
        "intervention_group_size": 0.8713450292397661,
        "comparator_events": 0.7485380116959064,
        "comparator_group_size": 0.8830409356725146,
        "total": 0.6666666666666666
    },
    "partial_match_accuracy": {
        "partial_match_accuracy_1": 0.9473684210526315,
        "partial_match_accuracy_2": 0.9298245614035088,
        "partial_match_accuracy_3": 0.7192982456140351
    },
    "percentage_of_computable_instances": 0.8217054263565892,
    "point_estimates": {
        "log_odds_ratio": {
            "mean_absolute_error": 0.08849337331978875,
            "standard_error_of_mae": 0.04311310208440692,
            "95_confidence_interval_of_mae": [
                0.003991693234351196,
                0.1729950534052263
            ]
        }
    },
    "num_of_chunked_instances": 0
}