{"number_of_model_unknowns": {"intervention_events": 25, "intervention_group_size": 27, "comparator_events": 30, "comparator_group_size": 26, "total": 108}, "number_of_reference_unknowns": {"intervention_events": 25, "intervention_group_size": 3, "comparator_events": 25, "comparator_group_size": 3, "total": 56}, "exact_match_accuracy": {"intervention_events": 0.2631578947368421, "intervention_group_size": 0.49707602339181284, "comparator_events": 0.23391812865497075, "comparator_group_size": 0.543859649122807, "total": 0.12280701754385964}, "partial_match_accuracy": {"partial_match_accuracy_1": 0.6549707602339181, "partial_match_accuracy_2": 0.5614035087719298, "partial_match_accuracy_3": 0.19883040935672514}, "percentage_of_computable_instances": 0.6434108527131783, "point_estimates": {"log_odds_ratio": {"mean_absolute_error": 0.5170845266172035, "standard_error_of_mae": 0.09443162863965036, "95_confidence_interval_of_mae": [0.3319985344834888, 0.7021705187509182]}}, "num_of_chunked_instances": 37}