{"number_of_model_unknowns": {"intervention_events": 79, "intervention_group_size": 83, "comparator_events": 83, "comparator_group_size": 83, "total": 328}, "number_of_reference_unknowns": {"intervention_events": 25, "intervention_group_size": 3, "comparator_events": 25, "comparator_group_size": 3, "total": 56}, "exact_match_accuracy": {"intervention_events": 0.08771929824561403, "intervention_group_size": 0.15789473684210525, "comparator_events": 0.12280701754385964, "comparator_group_size": 0.10526315789473684, "total": 0.011695906432748537}, "partial_match_accuracy": {"partial_match_accuracy_1": 0.30994152046783624, "partial_match_accuracy_2": 0.14035087719298245, "partial_match_accuracy_3": 0.011695906432748537}, "percentage_of_computable_instances": 0.09302325581395349, "point_estimates": {"log_odds_ratio": {"mean_absolute_error": 2.203821050248728, "standard_error_of_mae": 1.0806455001809887, "95_confidence_interval_of_mae": [0.08575586989398998, 4.321886230603466]}}, "num_of_chunked_instances": 145}