{"number_of_model_unknowns": {"outcome_type": 0, "total": 0}, "exact_match_accuracy": {"outcome_type": 0.8974358974358975, "total": 0.8974358974358975}, "partial_match_accuracy": {"partial_match_accuracy_1": 0.8974358974358975}}