{
    "number_of_model_unknowns": {
        "outcome_type": 15,
        "total": 15
    },
    "number_of_reference_unknowns": {
        "outcome_type": 0,
        "total": 0
    },
    "exact_match_accuracy": {
        "outcome_type": 0.7317073170731707,
        "total": 0.7317073170731707
    },
    "exact_match_accuracy_remove_unknowns": {
        "outcome_type": 0.7317073170731707,
        "total": 0.7317073170731707
    },
    "partial_match_accuracy": {
        "partial_match_accuracy_1": 0.7317073170731707
    },
    "outcome_type_f_score": {
        "outcome_type": [
            0.12435233160621761,
            0.8478260869565217,
            0.0
        ]
    }
}