{"number_of_model_unknowns": {"intervention_events": 56, "intervention_group_size": 49, "comparator_events": 58, "comparator_group_size": 51, "total": 214}, "number_of_reference_unknowns": {"intervention_events": 25, "intervention_group_size": 3, "comparator_events": 25, "comparator_group_size": 3, "total": 56}, "exact_match_accuracy": {"intervention_events": 0.21052631578947367, "intervention_group_size": 0.4502923976608187, "comparator_events": 0.2046783625730994, "comparator_group_size": 0.4853801169590643, "total": 0.11695906432748537}, "partial_match_accuracy": {"partial_match_accuracy_1": 0.5672514619883041, "partial_match_accuracy_2": 0.5029239766081871, "partial_match_accuracy_3": 0.16374269005847952}, "percentage_of_computable_instances": 0.34108527131782945, "point_estimates": {"log_odds_ratio": {"mean_absolute_error": 1.1329999736712055, "standard_error_of_mae": 0.2609552948288267, "95_confidence_interval_of_mae": [0.6215275958067052, 1.6444723515357058]}}, "num_of_chunked_instances": 20}