{
    "number_of_model_unknowns": {
        "intervention_events": 18,
        "intervention_group_size": 17,
        "comparator_events": 30,
        "comparator_group_size": 25,
        "total": 90
    },
    "number_of_reference_unknowns": {
        "intervention_events": 27,
        "intervention_group_size": 9,
        "comparator_events": 27,
        "comparator_group_size": 9,
        "total": 72
    },
    "exact_match_accuracy": {
        "intervention_events": 0.27485380116959063,
        "intervention_group_size": 0.5087719298245614,
        "comparator_events": 0.27485380116959063,
        "comparator_group_size": 0.5555555555555556,
        "total": 0.13450292397660818
    },
    "partial_match_accuracy": {
        "partial_match_accuracy_1": 0.6783625730994152,
        "partial_match_accuracy_2": 0.5847953216374269,
        "partial_match_accuracy_3": 0.21637426900584794
    },
    "percentage_of_computable_instances": 0.5886524822695035,
    "point_estimates": {
        "log_odds_ratio": {
            "mean_absolute_error": 0.9127694251009892,
            "standard_error_of_mae": 0.1690875585555107,
            "95_confidence_interval_of_mae": [
                0.5813578103321884,
                1.2441810398697901
            ]
        }
    },
    "num_of_chunked_instances": 20
}