{"number_of_model_unknowns": {"intervention_events": 38, "intervention_group_size": 24, "comparator_events": 38, "comparator_group_size": 27, "total": 127}, "number_of_reference_unknowns": {"intervention_events": 25, "intervention_group_size": 3, "comparator_events": 25, "comparator_group_size": 3, "total": 56}, "exact_match_accuracy": {"intervention_events": 0.47953216374269003, "intervention_group_size": 0.5906432748538012, "comparator_events": 0.4269005847953216, "comparator_group_size": 0.6432748538011696, "total": 0.30994152046783624}, "exact_match_accuracy_remove_unknowns": {"intervention_events": 0.5853658536585366, "intervention_group_size": 0.6870748299319728, "comparator_events": 0.5041322314049587, "comparator_group_size": 0.7638888888888888, "total": 0.4067796610169492}, "partial_match_accuracy": {"partial_match_accuracy_1": 0.7368421052631579, "partial_match_accuracy_2": 0.6783625730994152, "partial_match_accuracy_3": 0.4152046783625731}, "partial_match_accuracy_remove_unknowns": {"partial_match_accuracy_1": 0.8898305084745762, "partial_match_accuracy_2": 0.8305084745762712, "partial_match_accuracy_3": 0.5338983050847458}, "point_estimates": {"log_odds_ratio": {"mean_absolute_error": 0.3724012301578683, "standard_error_of_mae": 0.08544077022705, "95_confidence_interval_of_mae": [0.2049373205128503, 0.5398651398028863]}}, "num_of_chunked_instances": 1}