{"number_of_model_unknowns": {"intervention_events": 18, "intervention_group_size": 5, "comparator_events": 20, "comparator_group_size": 7, "total": 50}, "exact_match_accuracy": {"intervention_events": 0.7602339181286549, "intervention_group_size": 0.8713450292397661, "comparator_events": 0.7485380116959064, "comparator_group_size": 0.8830409356725146, "total": 0.6666666666666666}, "partial_match_accuracy": {"partial_match_accuracy_1": 0.9473684210526315, "partial_match_accuracy_2": 0.9298245614035088, "partial_match_accuracy_3": 0.7192982456140351}, "point_estimates": {"odds_ratio": {"mean_absolute_error": 0.11730778757532442, "mean_squared_error": 0.5397135035738992, "root_mean_squared_error": 0.7346519608453375}, "se_log_odds_ratio": {"mean_absolute_error": 0.00374970276798421, "mean_squared_error": 0.000298119681469798, "root_mean_squared_error": 0.017266142634352295}, "risk_ratio": {"mean_absolute_error": 0.035208568252305776, "mean_squared_error": 0.02909655547412461, "root_mean_squared_error": 0.17057712470939534}, "se_log_risk_ratio": {"mean_absolute_error": 0.013013959403047786, "mean_squared_error": 0.007051488590470273, "root_mean_squared_error": 0.08397314207810896}}}