{
    "number_of_model_unknowns": {
        "intervention_events": 12,
        "intervention_group_size": 5,
        "comparator_events": 15,
        "comparator_group_size": 9,
        "total": 41
    },
    "number_of_reference_unknowns": {
        "intervention_events": 27,
        "intervention_group_size": 9,
        "comparator_events": 27,
        "comparator_group_size": 9,
        "total": 72
    },
    "exact_match_accuracy": {
        "intervention_events": 0.7485380116959064,
        "intervention_group_size": 0.8421052631578947,
        "comparator_events": 0.7368421052631579,
        "comparator_group_size": 0.8304093567251462,
        "total": 0.6549707602339181
    },
    "partial_match_accuracy": {
        "partial_match_accuracy_1": 0.9122807017543859,
        "partial_match_accuracy_2": 0.9005847953216374,
        "partial_match_accuracy_3": 0.6900584795321637
    },
    "percentage_of_computable_instances": 0.8888888888888888,
    "point_estimates": {
        "log_odds_ratio": {
            "mean_absolute_error": 0.08626160240040587,
            "standard_error_of_mae": 0.04071274792665387,
            "95_confidence_interval_of_mae": [
                0.006464616464164283,
                0.16605858833664744
            ]
        }
    },
    "num_of_chunked_instances": 0
}