{
    "number_of_model_unknowns": {
        "intervention_events": 18,
        "intervention_group_size": 5,
        "comparator_events": 20,
        "comparator_group_size": 7,
        "total": 50
    },
    "exact_match_accuracy": {
        "intervention_events": 0.7602339181286549,
        "intervention_group_size": 0.8713450292397661,
        "comparator_events": 0.7485380116959064,
        "comparator_group_size": 0.8830409356725146,
        "total": 0.6666666666666666
    },
    "partial_match_accuracy": {
        "partial_match_accuracy_1": 0.9473684210526315,
        "partial_match_accuracy_2": 0.9298245614035088,
        "partial_match_accuracy_3": 0.7192982456140351
    },
    "point_estimates": {
        "odds_ratio": {
            "mean_absolute_error": 0.15249407153639657,
            "mean_squared_error": 0.6755272909097495,
            "root_mean_squared_error": 0.8219046726413894
        },
        "se_log_odds_ratio": {
            "mean_absolute_error": 0.008835649831600232,
            "mean_squared_error": 1.3657997567198925e-05,
            "root_mean_squared_error": 0.003695672816578725
        },
        "risk_ratio": {
            "mean_absolute_error": 0.035219629685199455,
            "mean_squared_error": 0.02883700250677944,
            "root_mean_squared_error": 0.16981461217097732
        },
        "se_log_risk_ratio": {
            "mean_absolute_error": 0.01478264883379493,
            "mean_squared_error": 0.007221317017974464,
            "root_mean_squared_error": 0.08497833263823469
        }
    }
}