{
    "number_of_model_unknowns": {
        "intervention_events": 4,
        "intervention_group_size": 9,
        "comparator_events": 5,
        "comparator_group_size": 10,
        "total": 28
    },
    "number_of_reference_unknowns": {
        "intervention_events": 27,
        "intervention_group_size": 9,
        "comparator_events": 27,
        "comparator_group_size": 9,
        "total": 72
    },
    "exact_match_accuracy": {
        "intervention_events": 0.34502923976608185,
        "intervention_group_size": 0.5146198830409356,
        "comparator_events": 0.3333333333333333,
        "comparator_group_size": 0.5672514619883041,
        "total": 0.16374269005847952
    },
    "partial_match_accuracy": {
        "partial_match_accuracy_1": 0.7076023391812866,
        "partial_match_accuracy_2": 0.6374269005847953,
        "partial_match_accuracy_3": 0.25146198830409355
    },
    "percentage_of_computable_instances": 0.8723404255319149,
    "point_estimates": {
        "log_odds_ratio": {
            "mean_absolute_error": 0.6566012301997587,
            "standard_error_of_mae": 0.1014672538726069,
            "95_confidence_interval_of_mae": [
                0.4577254126094492,
                0.8554770477900682
            ]
        }
    },
    "num_of_chunked_instances": 0
}