{
    "number_of_model_unknowns": {
        "intervention_events": 7,
        "intervention_group_size": 9,
        "comparator_events": 8,
        "comparator_group_size": 10,
        "total": 34
    },
    "number_of_reference_unknowns": {
        "intervention_events": 25,
        "intervention_group_size": 3,
        "comparator_events": 25,
        "comparator_group_size": 3,
        "total": 56
    },
    "exact_match_accuracy": {
        "intervention_events": 0.3157894736842105,
        "intervention_group_size": 0.5263157894736842,
        "comparator_events": 0.3157894736842105,
        "comparator_group_size": 0.5847953216374269,
        "total": 0.15789473684210525
    },
    "partial_match_accuracy": {
        "partial_match_accuracy_1": 0.7192982456140351,
        "partial_match_accuracy_2": 0.631578947368421,
        "partial_match_accuracy_3": 0.23391812865497075
    },
    "percentage_of_computable_instances": 0.8449612403100775,
    "point_estimates": {
        "log_odds_ratio": {
            "mean_absolute_error": 0.5743989731810384,
            "standard_error_of_mae": 0.09511959243727494,
            "95_confidence_interval_of_mae": [
                0.3879645720039795,
                0.7608333743580973
            ]
        }
    },
    "num_of_chunked_instances": 0
}