{"number_of_model_unknowns": {"intervention_events": 72, "intervention_group_size": 83, "comparator_events": 77, "comparator_group_size": 88, "total": 320}, "number_of_reference_unknowns": {"intervention_events": 25, "intervention_group_size": 3, "comparator_events": 25, "comparator_group_size": 3, "total": 56}, "exact_match_accuracy": {"intervention_events": 0.08771929824561403, "intervention_group_size": 0.14619883040935672, "comparator_events": 0.13450292397660818, "comparator_group_size": 0.1286549707602339, "total": 0.0}, "partial_match_accuracy": {"partial_match_accuracy_1": 0.2807017543859649, "partial_match_accuracy_2": 0.1871345029239766, "partial_match_accuracy_3": 0.029239766081871343}, "percentage_of_computable_instances": 0.17054263565891473, "point_estimates": {"log_odds_ratio": {"mean_absolute_error": 1.066347774610942, "standard_error_of_mae": 0.3305934049669066, "95_confidence_interval_of_mae": [0.41838470087580504, 1.714310848346079]}}, "num_of_chunked_instances": 126}