{
    "number_of_model_unknowns": {
        "intervention_events": 122,
        "intervention_group_size": 138,
        "comparator_events": 130,
        "comparator_group_size": 154,
        "total": 544
    },
    "number_of_reference_unknowns": {
        "intervention_events": 25,
        "intervention_group_size": 3,
        "comparator_events": 25,
        "comparator_group_size": 3,
        "total": 56
    },
    "exact_match_accuracy": {
        "intervention_events": 0.1286549707602339,
        "intervention_group_size": 0.04678362573099415,
        "comparator_events": 0.14035087719298245,
        "comparator_group_size": 0.017543859649122806,
        "total": 0.011695906432748537
    },
    "partial_match_accuracy": {
        "partial_match_accuracy_1": 0.18128654970760233,
        "partial_match_accuracy_2": 0.1286549707602339,
        "partial_match_accuracy_3": 0.011695906432748537
    },
    "percentage_of_computable_instances": 0.06201550387596899,
    "point_estimates": {
        "log_odds_ratio": {
            "mean_absolute_error": 1.4149393869370221,
            "standard_error_of_mae": 0.6211426047760753,
            "95_confidence_interval_of_mae": [
                0.19749988157591458,
                2.6323788922981297
            ]
        }
    },
    "num_of_chunked_instances": 148
}