{"number_of_model_unknowns": {"intervention_mean": 11, "intervention_standard_deviation": 10, "intervention_group_size": 4, "comparator_mean": 9, "comparator_standard_deviation": 8, "comparator_group_size": 7, "total": 49}, "exact_match_accuracy": {"intervention_mean": 0.4827586206896552, "intervention_standard_deviation": 0.5862068965517241, "intervention_group_size": 0.8275862068965517, "comparator_mean": 0.5517241379310345, "comparator_standard_deviation": 0.6206896551724138, "comparator_group_size": 0.6551724137931034, "total": 0.2413793103448276}, "partial_match_accuracy": {"partial_match_accuracy_1": 0.9310344827586207, "partial_match_accuracy_2": 0.9310344827586207, "partial_match_accuracy_3": 0.5862068965517241, "partial_match_accuracy_4": 0.5517241379310345, "partial_match_accuracy_5": 0.4827586206896552}, "point_estimates": {"mean_difference": {"mean_absolute_error": 5.478000000000001, "mean_squared_error": 128.89162000000005, "root_mean_squared_error": 11.353044525588722}, "se_mean_difference": {"mean_absolute_error": 0.010188947932777886, "mean_squared_error": 0.00041525863990743504, "root_mean_squared_error": 0.020377895865555773}}}