{
    "number_of_model_unknowns": {
        "intervention_mean": 93,
        "intervention_standard_deviation": 92,
        "intervention_group_size": 132,
        "comparator_mean": 141,
        "comparator_standard_deviation": 137,
        "comparator_group_size": 180,
        "total": 775
    },
    "number_of_reference_unknowns": {
        "intervention_mean": 189,
        "intervention_standard_deviation": 228,
        "intervention_group_size": 42,
        "comparator_mean": 195,
        "comparator_standard_deviation": 229,
        "comparator_group_size": 42,
        "total": 925
    },
    "exact_match_accuracy": {
        "intervention_mean": 0.32783505154639175,
        "intervention_standard_deviation": 0.41237113402061853,
        "intervention_group_size": 0.534020618556701,
        "comparator_mean": 0.3237113402061856,
        "comparator_standard_deviation": 0.4041237113402062,
        "comparator_group_size": 0.44742268041237115,
        "total": 0.0865979381443299
    },
    "partial_match_accuracy": {
        "partial_match_accuracy_1": 0.8103092783505155,
        "partial_match_accuracy_2": 0.6989690721649484,
        "partial_match_accuracy_3": 0.40824742268041236,
        "partial_match_accuracy_4": 0.3422680412371134,
        "partial_match_accuracy_5": 0.10309278350515463
    },
    "percentage_of_computable_instances": 0.40082644628099173,
    "point_estimates": {
        "standardized_mean_difference": {
            "mean_absolute_error": 3.4657470890218853,
            "standard_error_of_mae": 1.3786687336348658,
            "95_confidence_interval_of_mae": [
                0.7635563710975486,
                6.167937806946222
            ]
        }
    },
    "num_of_chunked_instances": 29
}