{
    "number_of_model_unknowns": {
        "intervention_mean": 102,
        "intervention_standard_deviation": 103,
        "intervention_group_size": 135,
        "comparator_mean": 151,
        "comparator_standard_deviation": 148,
        "comparator_group_size": 185,
        "total": 824
    },
    "number_of_reference_unknowns": {
        "intervention_mean": 178,
        "intervention_standard_deviation": 211,
        "intervention_group_size": 40,
        "comparator_mean": 178,
        "comparator_standard_deviation": 212,
        "comparator_group_size": 40,
        "total": 859
    },
    "exact_match_accuracy": {
        "intervention_mean": 0.311340206185567,
        "intervention_standard_deviation": 0.3917525773195876,
        "intervention_group_size": 0.5381443298969072,
        "comparator_mean": 0.30515463917525776,
        "comparator_standard_deviation": 0.3835051546391753,
        "comparator_group_size": 0.43917525773195876,
        "total": 0.07835051546391752
    },
    "partial_match_accuracy": {
        "partial_match_accuracy_1": 0.8,
        "partial_match_accuracy_2": 0.6865979381443299,
        "partial_match_accuracy_3": 0.38556701030927837,
        "partial_match_accuracy_4": 0.31958762886597936,
        "partial_match_accuracy_5": 0.09896907216494845
    },
    "percentage_of_computable_instances": 0.4065934065934066,
    "point_estimates": {
        "standardized_mean_difference": {
            "mean_absolute_error": 3.123896990100471,
            "standard_error_of_mae": 1.2271579531314893,
            "95_confidence_interval_of_mae": [
                0.7186674019627519,
                5.52912657823819
            ]
        }
    },
    "num_of_chunked_instances": 29
}