{
    "number_of_model_unknowns": {
        "intervention_mean": 61,
        "intervention_standard_deviation": 53,
        "intervention_group_size": 61,
        "comparator_mean": 87,
        "comparator_standard_deviation": 85,
        "comparator_group_size": 90,
        "total": 437
    },
    "number_of_reference_unknowns": {
        "intervention_mean": 189,
        "intervention_standard_deviation": 228,
        "intervention_group_size": 42,
        "comparator_mean": 195,
        "comparator_standard_deviation": 229,
        "comparator_group_size": 42,
        "total": 925
    },
    "exact_match_accuracy": {
        "intervention_mean": 0.5381443298969072,
        "intervention_standard_deviation": 0.6061855670103092,
        "intervention_group_size": 0.6412371134020619,
        "comparator_mean": 0.5257731958762887,
        "comparator_standard_deviation": 0.5835051546391753,
        "comparator_group_size": 0.6082474226804123,
        "total": 0.2804123711340206
    },
    "partial_match_accuracy": {
        "partial_match_accuracy_1": 0.8721649484536083,
        "partial_match_accuracy_2": 0.8144329896907216,
        "partial_match_accuracy_3": 0.6453608247422681,
        "partial_match_accuracy_4": 0.554639175257732,
        "partial_match_accuracy_5": 0.33608247422680415
    },
    "percentage_of_computable_instances": 0.6239669421487604,
    "point_estimates": {
        "standardized_mean_difference": {
            "mean_absolute_error": 0.9507604727430435,
            "standard_error_of_mae": 0.4204949806252858,
            "95_confidence_interval_of_mae": [
                0.1265903107174834,
                1.7749306347686038
            ]
        }
    },
    "num_of_chunked_instances": 0
}