{
    "number_of_model_unknowns": {
        "intervention_mean": 102,
        "intervention_standard_deviation": 110,
        "intervention_group_size": 65,
        "comparator_mean": 129,
        "comparator_standard_deviation": 139,
        "comparator_group_size": 88,
        "total": 633
    },
    "number_of_reference_unknowns": {
        "intervention_mean": 178,
        "intervention_standard_deviation": 211,
        "intervention_group_size": 40,
        "comparator_mean": 178,
        "comparator_standard_deviation": 212,
        "comparator_group_size": 40,
        "total": 859
    },
    "exact_match_accuracy": {
        "intervention_mean": 0.5154639175257731,
        "intervention_standard_deviation": 0.5463917525773195,
        "intervention_group_size": 0.6721649484536083,
        "comparator_mean": 0.49896907216494846,
        "comparator_standard_deviation": 0.5319587628865979,
        "comparator_group_size": 0.6329896907216495,
        "total": 0.2639175257731959
    },
    "exact_match_accuracy_remove_unknowns": {
        "intervention_mean": 0.48846153846153845,
        "intervention_standard_deviation": 0.46601941747572817,
        "intervention_group_size": 0.7644110275689223,
        "comparator_mean": 0.5043478260869565,
        "comparator_standard_deviation": 0.4942528735632184,
        "comparator_group_size": 0.7606382978723404,
        "total": 0.29605263157894735
    },
    "partial_match_accuracy": {
        "partial_match_accuracy_1": 0.845360824742268,
        "partial_match_accuracy_2": 0.8082474226804124,
        "partial_match_accuracy_3": 0.6185567010309279,
        "partial_match_accuracy_4": 0.5525773195876289,
        "partial_match_accuracy_5": 0.30927835051546393
    },
    "partial_match_accuracy_remove_unknowns": {
        "partial_match_accuracy_1": 1.3355263157894737,
        "partial_match_accuracy_2": 1.0592105263157894,
        "partial_match_accuracy_3": 0.7171052631578947,
        "partial_match_accuracy_4": 0.5460526315789473,
        "partial_match_accuracy_5": 0.34210526315789475
    },
    "point_estimates": {
        "standardized_mean_difference": {
            "mean_absolute_error": 1.2066694101161566,
            "standard_error_of_mae": 0.5714334004595022,
            "95_confidence_interval_of_mae": [
                0.08665994521553233,
                2.326678875016781
            ]
        }
    },
    "num_of_chunked_instances": 21
}