{
    "number_of_model_unknowns": {
        "intervention_mean": 52,
        "intervention_standard_deviation": 66,
        "intervention_group_size": 32,
        "comparator_mean": 60,
        "comparator_standard_deviation": 73,
        "comparator_group_size": 41,
        "total": 324
    },
    "number_of_reference_unknowns": {
        "intervention_mean": 178,
        "intervention_standard_deviation": 211,
        "intervention_group_size": 40,
        "comparator_mean": 178,
        "comparator_standard_deviation": 212,
        "comparator_group_size": 40,
        "total": 859
    },
    "exact_match_accuracy": {
        "intervention_mean": 0.7690721649484537,
        "intervention_standard_deviation": 0.7505154639175258,
        "intervention_group_size": 0.8123711340206186,
        "comparator_mean": 0.7443298969072165,
        "comparator_standard_deviation": 0.7360824742268042,
        "comparator_group_size": 0.7731958762886598,
        "total": 0.5257731958762887
    },
    "exact_match_accuracy_remove_unknowns": {
        "intervention_mean": 0.7777777777777778,
        "intervention_standard_deviation": 0.7477064220183486,
        "intervention_group_size": 0.8624708624708625,
        "comparator_mean": 0.7557251908396947,
        "comparator_standard_deviation": 0.7393364928909952,
        "comparator_group_size": 0.8368794326241135,
        "total": 0.5775401069518716
    },
    "partial_match_accuracy": {
        "partial_match_accuracy_1": 0.9670103092783505,
        "partial_match_accuracy_2": 0.954639175257732,
        "partial_match_accuracy_3": 0.7917525773195876,
        "partial_match_accuracy_4": 0.7752577319587629,
        "partial_match_accuracy_5": 0.5711340206185567
    },
    "point_estimates": {
        "standardized_mean_difference": {
            "mean_absolute_error": 0.5689139828913712
        },
        "se_standardized_mean_difference": {
            "mean_absolute_error": 2.46944804621851
        }
    }
}