{
    "number_of_model_unknowns": {
        "intervention_mean": 89,
        "intervention_standard_deviation": 82,
        "intervention_group_size": 65,
        "comparator_mean": 91,
        "comparator_standard_deviation": 86,
        "comparator_group_size": 73,
        "total": 486
    },
    "number_of_reference_unknowns": {
        "intervention_mean": 178,
        "intervention_standard_deviation": 211,
        "intervention_group_size": 40,
        "comparator_mean": 178,
        "comparator_standard_deviation": 212,
        "comparator_group_size": 40,
        "total": 859
    },
    "exact_match_accuracy": {
        "intervention_mean": 0.6969072164948453,
        "intervention_standard_deviation": 0.7175257731958763,
        "intervention_group_size": 0.7381443298969073,
        "comparator_mean": 0.6804123711340206,
        "comparator_standard_deviation": 0.7030927835051546,
        "comparator_group_size": 0.6927835051546392,
        "total": 0.4639175257731959
    },
    "partial_match_accuracy": {
        "partial_match_accuracy_1": 0.9257731958762887,
        "partial_match_accuracy_2": 0.911340206185567,
        "partial_match_accuracy_3": 0.7298969072164948,
        "partial_match_accuracy_4": 0.6948453608247422,
        "partial_match_accuracy_5": 0.5030927835051546
    },
    "percentage_of_computable_instances": 0.6703296703296703,
    "point_estimates": {
        "standardized_mean_difference": {
            "mean_absolute_error": 0.31765352383832957,
            "standard_error_of_mae": 0.10770178030075031,
            "95_confidence_interval_of_mae": [
                0.10655803444885897,
                0.5287490132278001
            ]
        }
    },
    "num_of_chunked_instances": 0
}