{
    "number_of_model_unknowns": {
        "intervention_mean": 52,
        "intervention_standard_deviation": 66,
        "intervention_group_size": 32,
        "comparator_mean": 60,
        "comparator_standard_deviation": 73,
        "comparator_group_size": 41,
        "total": 324
    },
    "exact_match_accuracy": {
        "intervention_mean": 0.7690721649484537,
        "intervention_standard_deviation": 0.7505154639175258,
        "intervention_group_size": 0.8123711340206186,
        "comparator_mean": 0.7443298969072165,
        "comparator_standard_deviation": 0.7360824742268042,
        "comparator_group_size": 0.7731958762886598,
        "total": 0.5257731958762887
    },
    "partial_match_accuracy": {
        "partial_match_accuracy_1": 0.9670103092783505,
        "partial_match_accuracy_2": 0.954639175257732,
        "partial_match_accuracy_3": 0.7917525773195876,
        "partial_match_accuracy_4": 0.7752577319587629,
        "partial_match_accuracy_5": 0.5711340206185567
    },
    "point_estimates": {
        "mean_difference": {
            "mean_absolute_error": 0.7337551020408162,
            "mean_squared_error": 11.603126938775514,
            "root_mean_squared_error": 3.40633629267216
        },
        "se_mean_difference": {
            "mean_absolute_error": 2.46944804621851,
            "mean_squared_error": 530.4236135203812,
            "root_mean_squared_error": 23.03092732654031
        }
    }
}