{
    "number_of_model_unknowns": {
        "intervention_mean": 55,
        "intervention_standard_deviation": 36,
        "intervention_group_size": 107,
        "comparator_mean": 79,
        "comparator_standard_deviation": 62,
        "comparator_group_size": 144,
        "total": 483
    },
    "number_of_reference_unknowns": {
        "intervention_mean": 189,
        "intervention_standard_deviation": 228,
        "intervention_group_size": 42,
        "comparator_mean": 195,
        "comparator_standard_deviation": 229,
        "comparator_group_size": 42,
        "total": 925
    },
    "exact_match_accuracy": {
        "intervention_mean": 0.34845360824742266,
        "intervention_standard_deviation": 0.3752577319587629,
        "intervention_group_size": 0.5072164948453608,
        "comparator_mean": 0.36082474226804123,
        "comparator_standard_deviation": 0.38969072164948454,
        "comparator_group_size": 0.4268041237113402,
        "total": 0.09484536082474226
    },
    "partial_match_accuracy": {
        "partial_match_accuracy_1": 0.7938144329896907,
        "partial_match_accuracy_2": 0.6907216494845361,
        "partial_match_accuracy_3": 0.42061855670103093,
        "partial_match_accuracy_4": 0.2927835051546392,
        "partial_match_accuracy_5": 0.1154639175257732
    },
    "percentage_of_computable_instances": 0.628099173553719,
    "point_estimates": {
        "standardized_mean_difference": {
            "mean_absolute_error": 1.1377185258754394,
            "standard_error_of_mae": 0.3795566306350744,
            "95_confidence_interval_of_mae": [
                0.39378752983069365,
                1.8816495219201852
            ]
        }
    },
    "num_of_chunked_instances": 0
}