{
    "number_of_model_unknowns": {
        "intervention_mean": 275,
        "intervention_standard_deviation": 246,
        "intervention_group_size": 385,
        "comparator_mean": 283,
        "comparator_standard_deviation": 247,
        "comparator_group_size": 397,
        "total": 1833
    },
    "number_of_reference_unknowns": {
        "intervention_mean": 178,
        "intervention_standard_deviation": 211,
        "intervention_group_size": 40,
        "comparator_mean": 178,
        "comparator_standard_deviation": 212,
        "comparator_group_size": 40,
        "total": 859
    },
    "exact_match_accuracy": {
        "intervention_mean": 0.35051546391752575,
        "intervention_standard_deviation": 0.4144329896907217,
        "intervention_group_size": 0.11134020618556702,
        "comparator_mean": 0.35876288659793815,
        "comparator_standard_deviation": 0.422680412371134,
        "comparator_group_size": 0.10721649484536082,
        "total": 0.05567010309278351
    },
    "partial_match_accuracy": {
        "partial_match_accuracy_1": 0.48041237113402063,
        "partial_match_accuracy_2": 0.4639175257731959,
        "partial_match_accuracy_3": 0.35876288659793815,
        "partial_match_accuracy_4": 0.3443298969072165,
        "partial_match_accuracy_5": 0.061855670103092786
    },
    "percentage_of_computable_instances": 0.06227106227106227,
    "point_estimates": {
        "standardized_mean_difference": {
            "mean_absolute_error": 1.6286989569318517,
            "standard_error_of_mae": 0.5937423525966519,
            "95_confidence_interval_of_mae": [
                0.4649639458424142,
                2.7924339680212893
            ]
        }
    },
    "num_of_chunked_instances": 423
}